channel,amp_pol0,phase_pol0_deg,weight_pol0,amp_pol1,phase_pol1_deg,weight_pol1
0,0.7034136652946472,0.0,0.0,0.4774134159088135,0.0,0.0
1,0.4867587538045528,5.346748550012119,0.0,0.32993683637387256,-1.759902574122233,0.0
2,0.3449829320731957,-8.704676394036177,0.0,0.3928279520322316,7.869863859538819,0.0
3,0.41590275421298967,-13.541239967039035,0.0,0.32855271341468434,25.080517308295978,0.0
4,0.411751450061466,1.309271040130034,0.0,0.41529932084836274,-11.540719803616456,0.0
5,0.25595953929477017,13.468483247614166,0.0,0.18136576756140174,16.219512970175654,0.0
6,0.4585335840949947,17.125104224899687,0.0,0.4720282072763283,23.833515739527762,0.0
7,0.4338949031057183,-17.204236303110793,0.0,0.49284640804532537,18.90253578476061,0.0
8,0.315318761179888,-7.981682245342653,0.0,0.3296288311022091,-35.82353193426069,0.0
9,0.36914672471792376,-6.71864258376472,0.0,0.26748493417928604,4.635403710854349,0.0
10,0.3010711475498082,-11.885669372530593,0.0,0.5794400334221383,3.31814950403415,0.0
11,0.5533422211019209,-5.520206725188962,0.0,0.3191490477908578,-38.71743101088666,0.0
12,0.5266727806799106,-0.8983119220486583,0.0,0.5293226808475048,-4.676244067403655,0.0
13,0.7063113023382446,4.686084426071272,0.0,0.37677792096704027,30.70574974194146,0.0
14,0.593032906062424,-2.096233348677285,0.0,0.44834633651213884,-23.974714469164677,0.0
15,0.7890033845813499,-9.538705235103157,0.0,0.26486115336081467,-28.034321637492088,0.0
16,0.671796885770058,-7.608561101512155,0.0,0.6602780048529449,-21.58718027629328,0.0
17,0.6107152628176017,-10.679766329239634,0.0,0.21207485056489273,24.041659760402982,0.0
18,0.6357818307479155,10.985992089388125,0.0,0.6006092577371295,-8.227021452532588,0.0
19,0.7542340707295734,-9.6934503964218,0.0,0.5269125672199804,11.822893248680234,0.0
20,0.7219667239293993,-27.067243840625057,0.0,0.6336099653570796,-14.975335574737858,0.0
21,0.9049142037707524,-16.185345509329487,0.0,0.4908034519254362,-5.620280541876264,0.0
22,0.9808194943314996,-2.966813477927436,0.0,0.6684772557965171,-14.746876326069776,0.0
23,0.8565753348908319,-11.193427921839666,0.0,0.8586312598947379,7.360289548501076,0.0
24,1.1459607831795775,-10.116830799280455,0.0,0.8179962466439121,-19.771659395215984,0.0
25,0.8835247418296227,8.393496627041735,0.0,0.7933207704928932,18.142303399195963,0.0
26,1.2909216841300228,12.094062904991203,0.0,0.8784484041914986,-20.655421758142374,0.0
27,0.6691139732643326,18.738996558500407,0.0,0.5581243564395673,-18.853823765267663,0.0
28,1.512212262410483,-17.490127940220372,0.0,0.9831202092265595,-0.8591035287188596,0.0
29,1.5252602648521667,24.444588145927153,0.0,0.9402795742399404,14.005710966738397,0.0
30,0.7493899453966307,-4.993729429595431,0.0,0.9382432083152936,-6.593820111578643,0.0
31,1.4592134767120388,-9.145645234554598,0.0,0.6219689319587014,-4.873096381453894,0.0
32,1.2513841456520933,10.109867293778102,0.0,0.838694764597317,8.559267565232558,0.0
33,1.3941966967045005,17.41727996968861,0.0,1.2335186797267659,0.7096450523476477,0.0
34,1.7826313294072231,-6.181956462430865,0.0,1.9374895179435183,-5.185348900660024,0.0
35,1.907842515218038,2.198749466081952,0.0,1.2190188882112978,0.08248887259547787,0.0
36,2.2657171259535285,-9.73703581327838,0.0,1.767044725545625,-2.020574763154993,0.0
37,1.7102570302084557,-17.23800359884481,0.0,1.322547029159048,2.776269360164897,0.0
38,2.0557644196104454,-31.107682201272993,0.0,1.533268159708717,-8.055171862248178,0.0
39,1.6794778336942922,6.181602481353541,0.0,1.6802125503584124,-19.580466271674464,0.0
40,2.8423005998954114,15.315765198292036,0.0,1.6301157797014374,-27.19251250701765,0.0
41,1.6299348897327954,0.6395769013624926,0.0,1.5274512487926497,-3.6420466560048412,0.0
42,2.205740137417556,-7.5230447405620975,0.0,2.2060008379682237,-9.637006519214658,0.0
43,2.6893320247795907,-5.940407059170297,0.0,2.0297467183359776,-6.129226874697101,0.0
44,1.719704796264797,-4.604046244065072,0.0,2.127356270762553,18.078859011625784,0.0
45,2.8307125294014135,-14.866114600920055,0.0,1.5265441831209114,-11.833350211267557,0.0
46,2.278599718051637,-3.4195245715650455,0.0,1.845556818638575,-2.412398656459873,0.0
47,1.8564752312569566,16.55253373209719,0.0,1.693173675910568,-8.46846059787172,0.0
48,1.9477502163008094,26.108228528488063,0.0,2.0720055909927453,-9.372150091557337,0.0
49,2.172332416360114,-11.889163837833676,0.0,2.731590112666439,1.7006068813601036,0.0
50,2.900999625370463,4.023724271535251,0.0,2.541990521539417,16.162435754036,0.0
51,2.4369571228051785,-20.190766494929424,0.0,2.1468475643950713,9.076859845537273,0.0
52,2.740734822801123,2.9985598196794947,0.0,2.378180121668409,-0.3703666120431443,0.0
53,3.504861267138137,-3.239771987302408,0.0,2.301938100371718,15.598316770703716,0.0
54,2.963052591563876,-22.574616873628283,0.0,2.4891890241780525,10.025822114080308,0.0
55,2.8715889884106427,-0.5126875658348383,0.0,2.762639868943295,27.924653257858104,0.0
56,2.5644112211544283,-2.112826058409027,0.0,2.7992807067351215,-5.736465987684146,0.0
57,2.715667343897049,2.681431375614333,0.0,3.0061443547631654,9.617498227302296,0.0
58,2.821960029035473,-13.410903844450862,0.0,2.270735911627611,0.4723983839622488,0.0
59,2.412054087936336,-2.222912796805017,0.0,2.9316852180336515,-18.400621435164563,0.0
60,3.6410591689371734,-22.623826806079325,0.0,3.023295756653151,10.006876164914138,0.0
61,2.0217703166427157,17.340795558635087,0.0,3.8101844347020744,17.559884869877976,0.0
62,3.093521911227915,-21.18124882797037,0.0,3.1517982047247908,0.35012000333241206,0.0
63,2.810601683883945,-5.489741395891542,0.0,2.4469219101734523,11.289054031101925,0.0
64,3.253541975277608,-11.249299354927947,0.0,3.0377227678429044,0.8435212155162979,0.0
65,2.4519662847211703,-17.78037419659035,0.0,2.1221933170870204,-3.911000289047541,0.0
66,1.533530920828895,-32.84593447547298,0.0,2.0189896988016254,-18.443816849103726,0.0
67,3.6521471125674143,-17.254074518585245,0.0,2.7517058842984183,-9.047385358931724,0.0
68,2.745945246495901,2.330993870255314,0.0,2.834861240428474,11.895719833260959,0.0
69,3.472798918006359,4.007459676675708,0.0,2.7415555992934952,-0.06594506626223916,0.0
70,3.7520992255692778,-16.012871418412065,0.0,3.200380775942111,2.7604208024258603,0.0
71,3.522391323616407,-6.390508187198531,0.0,2.586701782878696,-8.59710225345446,0.0
72,2.799286573870696,6.117624748276645,0.0,2.841716426988791,-30.64238057556108,0.0
73,2.742341616489611,-23.536084083015698,0.0,2.717222295019846,-3.3309689430436844,0.0
74,3.990296779372712,3.499930666313151,0.0,2.864929211719264,-5.273057687968001,0.0
75,3.556463158024004,-1.9438168288126867,0.0,3.6207100844774165,-5.179428154103595,0.0
76,3.8403447756847986,-8.544876402748871,0.0,2.9815978341339684,-2.398256940000716,0.0
77,4.651030647863548,2.7879958758523475,0.0,3.7649602408226865,19.370428328371183,0.0
78,3.0133786125337383,-16.618870731081323,0.0,2.627944075020824,-29.90939990828853,0.0
79,2.895771174750858,-10.729891207672758,0.0,2.600528742978651,-13.075163541064185,0.0
80,2.515945788128861,-11.176076398861849,0.0,3.096257030530534,-18.231137039154667,0.0
81,4.110640082969076,-5.0379810495439115,0.0,3.3721478634293325,-10.724407167648714,0.0
82,3.1041882596013926,-6.400043707748894,0.0,2.578420031257008,10.844350092065238,0.0
83,3.874719811311724,-3.87896481620589,0.0,3.2536091787834978,-4.801673288216215,0.0
84,4.450131578220913,-0.2760769457841683,0.0,3.156083966761116,-0.9352743503203625,0.0
85,2.5272643157610117,-3.1268074749755774,0.0,2.789824958852894,-3.491854609019005,0.0
86,4.021645012577953,-16.75784072251856,0.0,3.8280323752792853,12.224101277151473,0.0
87,3.546241762080107,-17.217950045498323,0.0,2.194406809987236,2.391180493254903,0.0
88,2.2227038158910855,-10.271246436500775,0.0,3.2109992262255527,-0.21734341550710712,0.0
89,3.1305879297340935,-4.8643093510558995,0.0,1.886923893669621,-19.866864707165572,0.0
90,4.425444930836653,-2.728395360130751,0.0,3.1528286170832835,10.539604789513767,0.0
91,2.7890357815300106,1.364043983731328,0.0,3.2329504158407683,2.548902618514156,0.0
92,3.595211689158527,-11.051109662979844,0.0,4.983896577098385,13.416889559404273,0.0
93,2.6827889548533124,-16.028281791195635,0.0,3.9209638957358375,-6.423788633890239,0.0
94,3.273126190662971,5.523379094423146,0.0,3.4535621141372013,-10.651097276906299,0.0
95,3.7470512675386964,-0.007069778830909281,0.0,3.893319583201257,-13.829834960552242,0.0
96,4.010126844296087,-5.38254935623157,0.0,4.237124840570195,-5.297832199925942,0.0
97,3.8496459800106204,2.0901367526783354,0.0,3.8985980040924844,-30.561817282394717,0.0
98,2.7401106122522307,-27.625469404259057,0.0,4.511509081529354,-10.43612515683289,0.0
99,3.9945165530346043,8.409524735571194,0.0,2.887413409246877,-18.807182718632134,0.0
100,3.5425618673200856,7.171826305947479,0.0,2.8055721877965363,-30.93146719191433,0.0
101,3.956697089555588,3.411584385252185,0.0,4.487092150863552,-7.477970942180688,0.0
102,4.193561346769446,-6.449680601286036,0.0,2.9745275044887327,-16.377470143330545,0.0
103,3.904447205687444,5.301678238855034,0.0,3.174302579638382,-30.342559046343272,0.0
104,2.442172569733349,-26.393047434380044,0.0,3.366696285485851,-2.513792630216057,0.0
105,2.812910095249556,-13.601968873925271,0.0,3.930757961580429,-21.21765929292992,0.0
106,3.187545723170057,-4.562057704630333,0.0,3.023462620163291,-24.705504627334115,0.0
107,3.5193154501643398,3.2725970199087246,0.0,3.7036195167138737,-2.6543061911570756,0.0
108,3.6003024955218326,1.4153563121562478,0.0,3.7711539138346684,-12.055911877909649,0.0
109,2.1222715842694817,-16.308825318326456,0.0,4.777700405783268,-10.051152839814748,0.0
110,4.234447179587327,0.15229741862041613,0.0,3.812526456802085,-9.253103014094954,0.0
111,3.16586148903347,5.433262003679626,0.0,4.158108204036101,0.2850749227615915,0.0
112,4.554985103352673,-14.102379706105788,0.0,4.2111751950176295,-13.298008338534952,0.0
113,4.702551237024753,-3.8420120315463575,0.0,4.279796813968265,-18.483000204736786,0.0
114,2.897929222057969,11.393637302133582,0.0,3.245073447088949,0.0467945805339561,0.0
115,3.888050253263072,-25.03876698077815,0.0,3.5447355458615353,9.385062539738607,0.0
116,3.4706745003035593,-11.595135618563758,0.0,4.571961019805371,-25.655000765832423,0.0
117,3.6319220872880917,-14.613642104796112,0.0,3.8163224754416034,-8.45287929999602,0.0
118,3.4593748350720963,-4.84893565069056,0.0,4.774591081882344,-1.6027236413447918,0.0
119,3.898638790740363,-15.990076250451223,0.0,4.582632381361088,-16.751866182449493,0.0
120,2.777784945726485,-2.676363835633546,0.0,5.308195237482625,-13.847054721994025,0.0
121,3.982535962141386,-6.474650446313699,0.0,2.1658913616683324,-2.2588269622541137,0.0
122,3.4689560559265042,-6.411625608939761,0.0,3.6325080039617417,-10.285663494520307,0.0
123,3.371209477499328,-0.9309396319696721,0.0,2.9532736408481464,-3.2399641601801332,0.0
124,3.443770027889829,6.08259622914003,0.0,3.676998262621498,-6.652232780380584,0.0
125,3.007367535703311,-15.668450407541078,0.0,2.531679971243635,-35.397633013223,0.0
126,4.199154948870456,-3.7462484983254614,0.0,2.560181112423346,1.1521197330824862,0.0
127,4.654966098420073,-12.114232486352481,0.0,4.471634567151355,7.832052238290934,0.0
128,3.6795035358045793,-11.020207580309709,0.0,3.843258432977689,-30.111521067265226,0.0
129,3.0691793212880367,-37.888663146285424,0.0,4.270605654226977,-10.110244918600532,0.0
130,3.8972941395366876,7.879852042758566,0.0,3.90281293991568,-23.11272014242373,0.0
131,3.053138846632321,12.56723429842263,0.0,4.508610376029067,-6.4521628982794885,0.0
132,3.8627989813663404,-0.02222349173080361,0.0,4.01609600231493,-28.692421222310546,0.0
133,5.157541330240933,-0.9022750410155297,0.0,2.41428777891536,-17.24926140004087,0.0
134,3.6324934360033745,-1.385255631957081,0.0,2.053086799594011,0.7608138593267093,0.0
135,3.264308075092441,-4.322304819981099,0.0,3.7172262929840807,11.342154259654896,0.0
136,4.0984890226353095,-18.000488573389763,0.0,3.315980917832601,5.822001597965057,0.0
137,4.339312284803731,-9.844820728588612,0.0,4.4910005515851505,5.650577908531871,0.0
138,4.1163890354356285,0.35585269093522326,0.0,5.851634069090935,-16.09041821639595,0.0
139,3.7722582184350744,-5.6818126647238865,0.0,4.84809048524048,-10.310518141951626,0.0
140,4.546460644510462,-5.018645443309701,0.0,4.515321520611423,-13.193953324448936,0.0
141,5.073427431474075,-3.124007544342303,0.0,4.813390001635938,-8.15649022087399,0.0
142,4.838802853402876,-0.6520272022415287,0.0,3.760186014447524,9.667960081785298,0.0
143,4.204164700522232,4.692222434807088,0.0,4.02046865671339,12.546581050815751,0.0
144,3.763648659947859,18.14253043555948,0.0,3.927887443769869,-22.876697322408763,0.0
145,3.8731680445363557,11.526190534337434,0.0,2.4563750446847656,-19.736811600094228,0.0
146,5.00860199319854,6.789201778092645,0.0,3.7254555861797334,-14.807314859338511,0.0
147,3.533609401538814,-20.180209835310546,0.0,3.501032333356201,-15.838546023584849,0.0
148,3.752535833740006,0.15959352071085148,0.0,4.009588360095094,0.7015060514527118,0.0
149,4.610365949932137,-20.95605902248572,0.0,3.935645631843624,15.131156875084216,0.0
150,3.891050628744646,-10.391002000383743,0.0,4.776912211263961,-10.128016840196526,0.0
151,3.6183446720136176,-6.733193253435895,0.0,3.440935862005286,-21.911800558065632,0.0
152,4.677166052263945,-0.8033505178655239,0.0,3.1619006633544813,-28.2893683387277,0.0
153,3.0183517031745715,2.7698628621263417,0.0,3.6260063950973573,-11.409523055465332,0.0
154,4.058129221924047,4.044594312410875,0.0,3.050355339461675,-9.814920962907166,0.0
155,3.012335037467049,1.9428165298890487,0.0,3.9756213916836405,3.7661635216433433,0.0
156,4.08245247306254,-0.5018159142836133,0.0,3.703224221686593,3.4877742360214534,0.0
157,5.091858447206476,-15.630761618531137,0.0,3.384544644667128,15.655809181983813,0.0
158,4.262689409281092,-9.03289936526545,0.0,2.9024418574331157,-6.998856911167548,0.0
159,3.3817086953796256,-1.8381006743138129,0.0,3.8454241449272084,-31.59755726649246,0.0
160,3.443057248451518,-44.837033637541225,0.0,4.009186970602864,-7.9999322997402915,0.0
161,5.030255411700714,4.023820838025734,0.0,4.3563929979030425,-6.012479943273579,0.0
162,3.3238737566497263,-22.96322555423717,0.0,4.669097644657231,-16.40728799393724,0.0
163,3.9102781633454953,-18.610320132160243,0.0,3.081929354015059,-17.062287422850808,0.0
164,3.9838302792615243,-19.54954717974596,0.0,2.9800299347409847,-12.284252573801984,0.0
165,3.5949865409644994,-17.495930925939213,0.0,3.7403415329890217,0.3468456654317362,0.0
166,3.5664719896406276,-31.556344918416478,0.0,3.883395509491458,-3.362028832803958,0.0
167,4.493473697528692,-17.353261135525752,0.0,6.17717962054172,-4.006279841105093,0.0
168,4.567758171964873,-16.76827945688471,0.0,4.240385269490344,9.250265168731135,0.0
169,4.1945763143470804,8.37537119031355,0.0,4.3157194812432875,7.570893001647386,0.0
170,3.481781384648835,-16.992558238913265,0.0,2.198871898094892,-26.161385710818113,0.0
171,3.270334377421445,-12.401778086689,0.0,4.590195149846552,-17.795508507655057,0.0
172,3.546713612350862,-8.252446841489117,0.0,3.599886742716523,-23.42154498083024,0.0
173,3.4164706151596613,-29.410723564214305,0.0,4.21878663758313,7.742189370764973,0.0
174,4.664851680469846,-16.471735596112794,0.0,4.7806061075175945,-8.086615142527274,0.0
175,3.4603981803822,3.047227804913667,0.0,3.8025072234787496,-5.44041273155131,0.0
176,5.450526233891073,-11.116215345433993,0.0,4.602399798452073,-12.98216367666367,0.0
177,3.0527997535609313,-24.00299497957672,0.0,4.852809602931332,-8.362690881875695,0.0
178,4.210544013934951,-9.251443228900474,0.0,4.162082444478961,-1.3152118492284717,0.0
179,3.712979816807249,-13.497111726609416,0.0,2.7547730648981283,-31.220076321665868,0.0
180,3.5785030579861896,30.520888736497348,0.0,4.751936992655349,-6.585188786664232,0.0
181,4.555763506449859,0.04938555013213922,0.0,2.3767101653135443,-17.805881476436067,0.0
182,4.2311168750230035,4.478287364265403,0.0,3.041548926581066,0.020655022306027046,0.0
183,3.7964863523544583,-32.029000923342174,0.0,3.3406793579719762,1.7042168479240936,0.0
184,3.520853502161146,-13.068847029814327,0.0,2.6798869104634537,-14.415322441980448,0.0
185,3.143015191553195,17.331521253930607,0.0,4.159384131283492,-21.81905139656268,0.0
186,2.68485288386135,-29.21499739123851,0.0,2.200927281909343,-58.55401054738191,0.0
187,2.1551133282283623,-48.80647012212189,0.0,3.5721963976367834,-29.31687560713715,0.0
188,2.389945164905806,-17.63330516549086,0.0,1.7131924424643936,-36.38041868925951,0.0
189,2.3265435210903793,-15.295925379559021,0.0,1.7016134867102637,-1.9778020978491955,0.0
190,4.0466569244481,-21.816017723775214,0.0,1.5461082709636935,-13.405291098684543,0.0
191,3.0456294730571685,-62.54489280074074,0.0,2.5493307473360116,-19.10889225186313,0.0
192,3.1580112833352034,2.530009084167405,0.0,3.1986722810975756,-11.35258490420522,0.0
193,3.9089479655714547,10.540614992604382,0.0,2.0329564737397123,9.992941297750763,0.0
194,3.1419365048454018,-44.99004224868504,0.0,2.7811690224484398,-37.4463845100421,0.0
195,3.5863911459111213,-18.33838861265444,0.0,3.6102384117148794,-24.536832491586207,0.0
196,2.74647303654988,-42.85357746374544,0.0,3.243775530057154,-45.745542491099116,0.0
197,2.2617874087464336,10.444194130740446,0.0,3.0992816689109084,-44.49041947591432,0.0
198,3.0594798213748184,-20.21270737746059,0.0,3.699940937520393,-2.344749997934491,0.0
199,3.1842483257677903,-14.280512186423367,0.0,3.7006217111454385,-34.52830944128455,0.0
200,4.1002953101642685,-18.305592935197208,0.0,3.951420196007373,-36.00392750738051,0.0
201,3.096401605876281,-23.125247071313655,0.0,4.674861776745887,-10.695856713236228,0.0
202,3.20026177267122,-34.53374983864874,0.0,4.170281958677748,-33.868502044828304,0.0
203,3.8872429645130038,-7.925000744816737,0.0,4.172890407217111,-26.78963796551212,0.0
204,4.381151808254057,-8.798016186559659,0.0,4.104724922924698,-27.716165952854904,0.0
205,3.9308521241252676,-36.84475340192619,0.0,5.152783768581705,-20.176998901328076,0.0
206,3.7034095622628627,-30.449911330179702,0.0,3.60060297519329,-27.84319398464153,0.0
207,4.97989028390665,-41.03092754928664,0.0,4.01906917916307,-10.885941896351211,0.0
208,4.1952876286010765,-34.18457940409057,0.0,2.610157440754464,-18.865011758545496,0.0
209,4.763124526892115,-34.19629198640341,0.0,5.108277172166152,-24.71816861828983,0.0
210,5.096172746565473,-16.958183170559057,0.0,3.205923887124131,-26.56645176977446,0.0
211,5.1556537325845735,-20.209611601270307,0.0,5.54997638827236,-22.975491087192882,0.0
212,3.7112273355142604,-24.2498946697977,0.0,4.882952952567024,-23.12644084782895,0.0
213,4.065592986255754,-17.02058281953817,0.0,4.565765529458483,-18.91067464329655,0.0
214,4.48941526439651,-35.29799003383947,0.0,3.3236159079821532,-31.284129420998248,0.0
215,4.056763752010937,-15.125880620832055,0.0,4.336611548830089,-20.58918005906717,0.0
216,4.1470116367243905,-17.959267170644985,0.0,4.3045110819031205,-17.263659478998072,0.0
217,4.463428946178505,-30.751301425371803,0.0,4.674852770220014,-28.008718319896747,0.0
218,5.867071121878904,-26.482865029337688,0.0,4.393201918489289,-2.1465852040220033,0.0
219,3.737228625437335,-19.209484233373484,0.0,3.875637255664649,-26.65215353923827,0.0
220,5.108915032580826,-10.421464272815799,0.0,5.0657078023119135,-13.017612867177863,0.0
221,3.803473341895193,-33.73844000534155,0.0,5.240255463771344,-20.7656861490345,0.0
222,3.6586916232941804,-29.06928223318303,0.0,4.938894254236138,-31.416452522763922,0.0
223,4.101487002708138,-22.530431608694627,0.0,5.0679291871481205,-28.854575163098097,0.0
224,5.459450697799856,-1.9246402977459176,0.0,4.508516439633176,-5.217293419645371,0.0
225,4.806599573812593,-34.835415585747334,0.0,4.88941205075092,-11.5766099555069,0.0
226,4.747620785323627,-25.827409168119104,0.0,4.825117137704789,21.417615086634434,0.0
227,4.49378895821498,-14.625751528487942,0.0,5.575065342814688,-4.299391606372916,0.0
228,4.730215410804919,-30.350541164456118,0.0,4.537909872671631,-25.860132383537643,0.0
229,5.263907316726772,-10.573513622574326,0.0,4.0816003466120785,-8.610956249222085,0.0
230,5.922154389063551,-9.162752796072093,0.0,5.050698553000735,-12.525464571513496,0.0
231,4.977727207846649,-24.470902104492236,0.0,5.436949324089522,-8.290737282873097,0.0
232,5.742888640479781,-2.1486116041906533,0.0,3.467602369506149,-3.603378486830733,0.0
233,4.84109844349815,-13.637122122328616,0.0,4.736014505974499,-18.22583226214214,0.0
234,5.112039872116204,-6.1095633904880975,0.0,4.078631898822204,-1.6706880400232242,0.0
235,3.9603668269467374,-24.25846628363784,0.0,4.692607089105259,-4.917757777138422,0.0
236,5.931445300091494,-23.21022098950832,0.0,5.547742422927526,-14.404735784378287,0.0
237,5.446313954701904,-6.329132922225988,0.0,5.507097114995701,-1.2912384765937084,0.0
238,6.077972917572164,-2.887662400309734,0.0,4.759353385424182,-12.674297091053035,0.0
239,4.151540595674587,9.84285527299248,0.0,3.207506958448723,-1.449725834858217,0.0
240,4.784592952766757,-7.147940512982804,0.0,3.845756157568724,-24.348898317578968,0.0
241,4.33079461969741,2.2860974299010426,0.0,3.8233738458230464,-1.545172551261183,0.0
242,3.618740712974889,-6.695342237142632,0.0,5.0982975249391185,-12.629791838839163,0.0
243,5.130691705544571,-17.442447782491616,0.0,6.31508724874759,-12.855814862441706,0.0
244,4.493962950333143,-28.666802082073385,0.0,3.6564447666099604,-11.09085046618012,0.0
245,4.7412116553967705,-12.342199219309963,0.0,5.022903584480334,-8.40555650595691,0.0
246,5.011484688015977,-4.106488369101681,0.0,5.999460303727482,19.7447534070113,0.0
247,4.397400403759863,-13.875770443985356,0.0,3.8476900661518236,-6.184393902963641,0.0
248,4.069671248990914,-7.2925754049833325,0.0,4.889003228326921,3.389702863821851,0.0
249,4.364044638675394,-4.098845888973401,0.0,4.744237485050861,0.13624681507876304,0.0
250,3.24279559264441,-3.02512508984752,0.0,4.888676629087095,-1.1342814840194844,0.0
251,4.279588176986059,-15.044555825551177,0.0,7.256916536155467,-15.703728880870807,0.0
252,4.52151199174421,-20.830157535929228,0.0,4.892511936376759,-10.828165871087366,0.0
253,4.484705881189263,-7.088257060193541,0.0,4.91903504583917,0.41621270090797446,0.0
254,3.4600687777150534,9.983334878742971,0.0,6.2695402167388306,3.8451747559495137,0.0
255,3.8683817782951837,7.444949150214735,0.0,5.818731609758517,6.865881816375282,0.0
256,4.9795732748655945,0.6373276598326921,0.0,6.43156838527748,2.8597736910154836,0.0
257,3.974531766206327,-1.8286214083272094,0.0,4.093947691308001,3.6570266385056076,0.0
258,4.828898681956336,13.554242614717266,0.0,3.656030444451024,-13.118656562540474,0.0
259,5.87570557297441,-1.0239463404984528,0.0,3.439311017702909,11.615325945484155,0.0
260,2.9433638973542267,5.820605292327869,0.0,5.0036996380094365,5.043892838735436,0.0
261,4.186063253458185,-8.650148857506245,0.0,5.24217511355441,-4.245254183513771,0.0
262,5.7491855445410875,7.371419229849267,0.0,3.953269915739434,-8.552752771577875,0.0
263,4.6659964274803265,10.313383120851404,0.0,3.932388260830928,1.6740771172544433,0.0
264,4.45076774970301,3.0923697989436425,0.0,3.1585231377044884,3.6956911756343835,0.0
265,4.124432609431749,-1.552257841425011,0.0,4.827354309554562,27.649060411778432,0.0
266,3.7707058546527352,-9.703720230265716,0.0,4.4692909463339054,20.545608628899902,0.0
267,4.83747075668744,-8.207213079481855,0.0,4.6242340263387325,6.635607296791602,0.0
268,4.217072640152273,4.498406640439553,0.0,4.117410200612884,-2.3022759057011712,0.0
269,3.537197608431052,4.300385654666596,0.0,4.346909251687521,-4.181151603783148,0.0
270,4.448152797526456,0.15590739105834983,0.0,3.846190848839048,5.423117821846396,0.0
271,4.536930396846573,9.55047964655444,0.0,3.8036762137884366,7.315983567383104,0.0
272,5.418258479292658,14.675339584343963,0.0,4.360524105656548,6.425997291497133,0.0
273,4.218150128689938,-8.164022903866003,0.0,4.611791427173411,4.060018860970207,0.0
274,3.8477108677771517,9.090863630104216,0.0,4.576311694457303,2.6449568411185185,0.0
275,3.8115584909743587,9.367982864638066,0.0,5.752721914342826,0.49556960317768706,0.0
276,5.388833819524153,-1.6443177668705191,0.0,5.180801312503719,-5.948808870111089,0.0
277,2.5216087323658845,34.08380198028937,0.0,6.5236905010508135,18.791902378418147,0.0
278,3.5603100296247314,0.9504564702685427,0.0,5.80428891159121,-3.4336793917658994,0.0
279,2.651801510160597,5.93009062016453,0.0,3.7991827868645527,11.943198100114486,0.0
280,3.3036362122220626,4.06695422201555,0.0,5.343144160612085,-16.757045866776693,0.0
281,3.918448171124092,-1.3488058420775855,0.0,3.7893194355392645,11.635171295751048,0.0
282,2.6969165500780394,14.541916391483804,0.0,4.488240539517806,-2.165124817638865,0.0
283,4.081813021225154,19.703157468617768,0.0,2.340887672133363,12.008558957647836,0.0
284,5.717042142270848,-11.410354992039148,0.0,4.667170310775923,12.398426448364832,0.0
285,3.94393443289086,10.73793050735502,0.0,3.98466817915599,-5.730805390924212,0.0
286,4.133931028345085,-3.939986092110379,0.0,3.4486152577340277,17.733567762945462,0.0
287,2.9232042650607464,-5.826883299378472,0.0,4.389122877911693,10.954867823463633,0.0
288,3.687876194772341,-22.064936344766693,0.0,2.9562293109092086,-8.340754833855515,0.0
289,4.081216969488875,7.383368484133373,0.0,3.779122807458632,-1.93086431834376,0.0
290,4.369050826079891,-3.764688253834958,0.0,4.4647892516496555,2.0135974208052594,0.0
291,2.725236346215315,30.315611278398418,0.0,2.94715415533035,-7.46444665405049,0.0
292,5.490902506145652,3.7351450639392656,0.0,3.3378953863957497,-19.364407886646863,0.0
293,3.870971307916182,8.204675276160705,0.0,4.224512606735026,-5.946373119999989,0.0
294,2.8114764691926286,-16.292043205400233,0.0,2.6702236985121943,-24.51121740586566,0.0
295,3.2907741117537426,11.649139370543127,0.0,3.5494180819884042,7.767901955230536,0.0
296,4.5692796777312985,-0.7640566684035474,0.0,4.0267687326000905,-19.60419645600969,0.0
297,3.577953980191814,4.394137004320542,0.0,2.6588496356667983,-18.596274488217983,0.0
298,4.113328420878138,0.8408530212530122,0.0,2.824724354413541,-26.34987449905742,0.0
299,3.7073411619726664,-8.522099645704174,0.0,2.9566585658109457,14.347995181287672,0.0
300,1.1859630058176196,12.884370866594718,0.0,4.122360171747692,8.003343781777172,0.0
301,2.335662976753343,-23.029154501717393,0.0,1.5825874070127048,11.160393866921865,0.0
302,3.416706315821382,-14.47316830861194,0.0,2.3851536625379346,-44.831486411515726,0.0
303,2.6634632114742534,-26.017646923589293,0.0,2.78711270532975,-3.427783669142428,0.0
304,1.3045115889832977,12.883999763208013,0.0,3.790866351124882,1.9075179533959494,0.0
305,2.629236466401385,-18.476517529746538,0.0,3.8290889227185607,-12.45707644169548,0.0
306,3.662371979234807,12.220663570062579,0.0,2.856530604692434,-15.580491774661114,0.0
307,4.550425347848048,-5.205012923241937,0.0,3.9129717600615717,-1.308093281144279,0.0
308,4.838987151464719,-13.06014151584331,0.0,3.626225121920979,-20.124815157629076,0.0
309,3.1875435585794696,-2.8995010026443016,0.0,4.20472360337052,-17.119695157593966,0.0
310,4.141908430803217,-1.696750944639569,0.0,3.576638671269267,-16.490163312012744,0.0
311,5.351107903401969,-17.83304866026649,0.0,4.161822341052811,5.725797755416605,0.0
312,3.2815345443954302,-1.5594079649665753,0.0,4.69591896569261,-23.727795293839343,0.0
313,3.8528584650342514,-33.82632354094657,0.0,3.648873610372146,-18.860610723270774,0.0
314,4.377242840926684,-14.276276353512271,0.0,4.485715711522191,-4.390880336754656,0.0
315,4.5587766177399764,-13.045660451851884,0.0,5.335235226185669,0.47974983137213095,0.0
316,3.74647423403941,-16.55402986578334,0.0,4.17214530409196,-16.389733698965195,0.0
317,4.073962099695455,-7.216407947706286,0.0,4.981368389747538,-4.022977279758951,0.0
318,5.190175334745924,-4.241324434783781,0.0,3.8987126829354617,-12.297640696125645,0.0
319,4.851495178199664,-7.5735928628267,0.0,3.1163830158598853,-17.77704702645346,0.0
320,3.801217122605865,-4.551410406428243,0.0,4.3012319900381,-19.328113607368955,0.0
321,3.6808242684542924,2.0126398835374886,0.0,4.091830093277686,-8.047362057797034,0.0
322,3.4612997778275076,-3.4166474803811,0.0,4.380838487158841,-13.948519812563005,0.0
323,3.523546001539882,-23.010975178435935,0.0,3.892043493171357,-3.9294987341342162,0.0
324,3.295548083389388,-7.1861533543847465,0.0,3.633353785736799,-29.590732320452872,0.0
325,3.1839577270492345,-15.630676210326266,0.0,3.4323691194134742,4.805719596854447,0.0
326,3.8054930449840243,-17.886621140810348,0.0,4.5978467203456805,-11.804930117311399,0.0
327,3.9858542828360264,10.61310267429225,0.0,4.548774357648066,-0.9629491338008183,0.0
328,4.582203934710526,-5.535997631131077,0.0,3.724816282057485,-20.60261822152967,0.0
329,3.940795922097578,-1.456608112554697,0.0,3.4037026763780327,-19.56752093139239,0.0
330,4.3627561129247585,8.047096604022295,0.0,3.275675973756344,-10.106162588499068,0.0
331,4.516386020044127,-5.035402896213471,0.0,4.438412770544226,-7.273427701199239,0.0
332,3.438806793504458,-22.010852145551553,0.0,4.245869110012754,-14.356286346996818,0.0
333,3.6888262589841863,-17.042422153718494,0.0,3.363239824501562,-24.58929371438642,0.0
334,3.9266703988274294,-19.589428729182256,0.0,3.1141449663196044,-7.22203392909831,0.0
335,5.252245287249629,-8.423151510027783,0.0,4.837347059058755,-21.696114557038417,0.0
336,3.6420823479743603,-1.5426447938052419,0.0,4.056506676382032,0.13915272589627875,0.0
337,4.828672146272187,-9.638697872913577,0.0,5.08897467432805,-8.676049270677737,0.0
338,2.9543219900344297,21.867821931882194,0.0,4.212559511659688,2.3596021875254527,0.0
339,5.18128889040946,-14.70162872642282,0.0,3.3171689281409344,-29.034043140648027,0.0
340,4.265770907147906,-10.597880652340168,0.0,2.9242211097637436,-3.4971266563829397,0.0
341,4.739215000229946,3.1209716266948164,0.0,3.5292441425040297,-4.6015660782855585,0.0
342,3.5348314444389577,-2.7337348093609846,0.0,4.0013538351150615,-6.245342992148074,0.0
343,2.761483469606878,-22.321899325551115,0.0,3.583114002934924,-2.082662631688406,0.0
344,4.743698812233644,-11.327451693253751,0.0,5.098850389012889,-15.019033753926292,0.0
345,4.746722190988305,-5.542886970436012,0.0,3.760518326898702,-7.513428323989008,0.0
346,3.913399437690943,-12.02178831094559,0.0,3.177389338310863,-16.79953072488741,0.0
347,4.986925562349851,2.8189000965442346,0.0,4.0404138686329105,-19.943880741031446,0.0
348,5.059466890020936,-16.300448646667988,0.0,3.980981853210507,-0.7459519891535874,0.0
349,4.63047840564036,-15.305804123558389,0.0,3.0603967376166055,-23.93355833655367,0.0
350,5.065976496116958,-17.641183321740904,0.0,2.5490555953101746,-7.690227956603903,0.0
351,5.0058717028546855,5.206196764108634,0.0,4.288405558198976,-15.97468886544568,0.0
352,3.2250432238415274,-7.548067406135381,0.0,3.4383235145523656,-0.6114015884569085,0.0
353,4.322697491455908,-4.68055367743402,0.0,3.936921641711684,-0.7562066709277148,0.0
354,3.4286891917134823,-5.241354336997727,0.0,3.452303280930469,9.21717118073107,0.0
355,3.985713468950053,9.324317544973201,0.0,3.849445548258158,-15.3701642397546,0.0
356,4.251073254010538,-26.947659169591017,0.0,4.4653998183957135,7.031092205172474,0.0
357,3.1672995090622598,3.660409118025307,0.0,2.834270736726138,-0.28209900726253867,0.0
358,5.61034145800843,-8.445277490120644,0.0,3.6698990533660205,-18.055102379444175,0.0
359,2.939345320079186,-11.121832343708013,0.0,3.2968270928394996,7.794813309181002,0.0
360,3.493625873629097,3.756574958262998,0.0,5.119513742116611,-12.277700459706082,0.0
361,3.2033204438176446,-11.17509608667849,0.0,3.974924973385712,-14.811361249366833,0.0
362,3.833127084314811,-6.770579403107042,0.0,4.037328580668837,2.599050102570548,0.0
363,4.99117696687291,-14.343912210304506,0.0,3.7805967471148985,-35.79730251055066,0.0
364,4.042389553115942,-7.2545643539174085,0.0,3.421099986588358,-10.445009639563077,0.0
365,4.114164881438443,-7.237232683078848,0.0,3.647406732437312,-10.326496709608302,0.0
366,2.699772395082912,2.346403118471838,0.0,3.8990008582661564,-19.898292454533,0.0
367,3.968011029932998,-11.84207244707672,0.0,4.714542828267803,-17.19216019814425,0.0
368,4.004163890291756,0.8905466231773049,0.0,5.541121185785375,-16.479643169320166,0.0
369,4.197338975718776,-12.147780063844445,0.0,4.019198695378659,-26.06997342276191,0.0
370,2.9107540935276663,-14.331741382186372,0.0,4.709197466188526,-24.26032920785116,0.0
371,4.5547562953989615,-5.154932368271257,0.0,2.75650624459489,-5.20929407672967,0.0
372,4.137017559739313,-1.9847072146984022,0.0,4.753567091006191,-6.790489815536727,0.0
373,2.727444119942424,3.1047831946148747,0.0,4.566410595015687,-21.618141071758817,0.0
374,4.390941378892382,3.182935827062351,0.0,3.0943535616995717,-26.319762471542422,0.0
375,4.504778909665962,-16.51862422994296,0.0,4.600224781683067,-7.415901663238578,0.0
376,3.0272913709599143,-13.1567844128878,0.0,4.524429394360743,0.7132347765823304,0.0
377,4.048779234995011,1.8787771689208044,0.0,2.900602639029028,9.549401005114268,0.0
378,2.8731112623404242,-19.592524702353206,0.0,3.180463888016859,-18.03645718078079,0.0
379,3.7585284862176813,-1.991735992262944,0.0,3.5851262924927574,-20.735019899751187,0.0
380,4.462661127806885,-5.648569774744262,0.0,3.5912896453302956,-13.782868265402398,0.0
381,4.798820093630467,6.076222090993798,0.0,3.619814459586192,-5.532449802513389,0.0
382,3.4442388492791043,4.4389265075895326,0.0,4.95089900502618,-10.627776098789852,0.0
383,3.6598226991340175,-22.466079006579033,0.0,3.8657315694605128,2.4957187712784576,0.0
384,4.492315449147684,3.4387093924440073,0.0,3.7653935738833977,-17.92380185757678,0.0
385,3.7566054035833027,-17.490606028622516,0.0,4.036737666159805,-20.358672593460273,0.0
386,3.263071092398721,-3.6521813295481844,0.0,3.658672858313193,-4.050378044030569,0.0
387,3.8736878835042527,-21.37711327773591,0.0,4.27746428156075,-0.4986838290587642,0.0
388,4.063110095874113,-13.855840347946344,0.0,5.564503515360989,1.8310611214798789,0.0
389,4.9029899109905735,10.068523239649933,0.0,3.808103549022633,-4.1495349985519265,0.0
390,3.714044247891343,-12.353055677946331,0.0,3.9539000780710993,-4.3882835052428595,0.0
391,3.8262090124954904,-9.01420182436187,0.0,3.703926723832073,-1.0834866178806555,0.0
392,3.8897520045103957,-2.9375161120135176,0.0,4.716851335721319,6.0910223482043016,0.0
393,4.577594165478731,-9.089783789996295,0.0,3.7191021683706484,-5.404486060511819,0.0
394,3.3159772178548432,-26.86689353404381,0.0,3.7598813069917223,6.1210967119329815,0.0
395,3.61834750771266,-18.97380847991834,0.0,3.881321590121051,-19.364294270866335,0.0
396,4.009882578361657,2.2260935013054977,0.0,4.16555142027698,-4.745913522158401,0.0
397,4.568562917698174,-18.413549202897478,0.0,3.5321721732810714,-6.211926915020375,0.0
398,3.3777408058151903,0.6080456229003284,0.0,3.2434558927991572,0.08794327213579141,0.0
399,3.939409254015243,-19.13734638819974,0.0,5.859865606735234,-9.674464545595633,0.0
400,3.974432768113211,24.41255809144068,0.0,4.3152315686789455,-7.238740255641031,0.0
401,3.5580572911154666,0.7050654007918017,0.0,3.7534362004092605,8.522982050779268,0.0
402,3.214884706737861,1.20354062225525,0.0,3.7503998879598983,-13.147194990392892,0.0
403,4.878772290633218,-2.745596430911477,0.0,3.226236266543631,-11.500073928044689,0.0
404,3.415493503969119,4.1327450867392,0.0,4.32688272839842,-5.6285643352746,0.0
405,4.460970733996827,1.44442432282983,0.0,3.323229561103026,-26.753713003092894,0.0
406,2.477805765673862,-0.9396706744602934,0.0,2.654579996794468,-11.851615221771738,0.0
407,4.596030019456449,-7.883301549329561,0.0,3.9523279225226604,-2.9216612683148453,0.0
408,3.005934433575764,-21.897776770009745,0.0,3.549573733120073,12.185446933877554,0.0
409,3.591139632780061,-17.32770436559476,0.0,3.686052145061629,0.6072295948596768,0.0
410,4.250214774361313,18.147692990173393,0.0,5.058361679740471,1.3663635204665485,0.0
411,3.262688588819998,-5.124430183794992,0.0,3.4220462307197446,-11.194544067208076,0.0
412,3.783014305414295,-6.924063105541611,0.0,3.2059963723627054,-1.315550713711978,0.0
413,4.705918893845683,-2.9420978266516666,0.0,4.0002315011784315,-1.6221575442962166,0.0
414,4.195150969241394,-1.8265558416857794,0.0,3.49312166193853,-4.134723342833011,0.0
415,3.9597289069245507,-5.824664601922798,0.0,2.9412387346656312,-1.7268142998850358,0.0
416,1.426941667669832,-11.728013313002673,0.0,3.3003234271150355,6.61071795990754,0.0
417,4.218716466918887,-11.023124719236403,0.0,4.217475895283416,-4.305128363706034,0.0
418,3.5240603606058243,-1.1242676961262565,0.0,2.5216280282315826,0.5467368926062798,0.0
419,3.342927468169173,-8.084010910691863,0.0,3.6114519004986003,-16.892578442604734,0.0
420,2.815300139815507,-3.8875729626677025,0.0,2.26846636328296,12.974571115170614,0.0
421,3.280171004233831,-5.88911359929513,0.0,3.7440174539784463,1.3457427130948116,0.0
422,3.7818542274972704,-3.717775749567368,0.0,3.7050236258618714,-26.066091485525344,0.0
423,3.438357028981499,-23.377899741643876,0.0,3.264090344108613,0.6198627865369422,0.0
424,3.199102957835782,-6.289811061832701,0.0,3.1783781691552395,-24.371556994907305,0.0
425,3.4086400130325982,-4.307671417772004,0.0,2.813612837253991,4.579957440676149,0.0
426,2.8559101139148177,-5.5426696969559766,0.0,3.097365167433472,-9.7379001380542,0.0
427,3.5861280427296878,7.149247309438017,0.0,4.933712768170976,-21.89110042523884,0.0
428,4.285452791622295,-11.052395528716792,0.0,4.646993803998583,-13.413691636963732,0.0
429,3.4526441344460963,-17.057676164346088,0.0,3.216052763524629,3.951060748829444,0.0
430,3.4894980485389695,-10.981042989624003,0.0,3.260364833757897,-11.432224800227967,0.0
431,3.345965098144327,-10.72968575771638,0.0,3.7358523429940287,2.3402090286407575,0.0
432,3.7317819205453673,5.231750231824688,0.0,2.2887731003398373,7.9335750325713015,0.0
433,2.9894649536499185,-11.545526614916954,0.0,3.6647408292787707,8.961917948818082,0.0
434,3.528485740364113,-23.39846944680273,0.0,2.9534230774730865,-10.774313186369149,0.0
435,4.687286994214365,-0.06980064178022238,0.0,3.5172669736971143,-3.7834455529831517,0.0
436,3.6686087469497215,-5.486909481228984,0.0,1.972820691218526,-9.937413187353899,0.0
437,4.691602552286579,0.627825290077986,0.0,3.443733553884603,2.5859062662162278,0.0
438,3.7706447425289853,-7.975978941096549,0.0,3.6135523995731718,-8.288774029328618,0.0
439,3.101340238144581,-19.417127574175332,0.0,3.5865496602627003,-3.561182143404057,0.0
440,3.0787197906628063,-18.447302178256606,0.0,3.4374866084633946,-4.367705142995357,0.0
441,3.726377786262987,-9.063597334476531,0.0,2.784558441109843,19.826215185003708,0.0
442,2.4939981503258593,-24.794498812103136,0.0,4.1910138723872885,-8.952225667979036,0.0
443,4.308917669735149,-23.618940028352977,0.0,2.6200056638232083,10.058085828867915,0.0
444,2.5824896792815446,-1.2013153930517662,0.0,2.803704247098693,-17.324258104533307,0.0
445,4.471426102992661,-0.6178422180272507,0.0,2.952079249203071,-4.998718581324751,0.0
446,4.343762039037974,-13.803536198977884,0.0,3.648545903269498,-15.629771642704299,0.0
447,2.868739872693454,-8.148188670645862,0.0,3.3870783688039623,-13.988733889683866,0.0
448,3.720682395142608,-0.8656431384786499,0.0,2.7320048064285425,10.229559831011034,0.0
449,3.9090284273680536,-22.93714030577709,0.0,3.617030513684949,-13.04924612038186,0.0
450,3.1283624274758774,-17.41261946282402,0.0,3.116240361982524,-9.89378880747373,0.0
451,3.1352950945518923,-25.851813429237552,0.0,2.4494474714224292,22.08513500698845,0.0
452,3.5850692374495368,7.696068446260686,0.0,3.2526866934413956,-2.673268100177838,0.0
453,3.1457824682307582,11.138942721828712,0.0,2.367364302308337,-18.31171358424531,0.0
454,4.002622967481644,8.5886541192461,0.0,4.072145253971925,-6.71559702005882,0.0
455,3.409372305044383,-15.050216765124663,0.0,3.2145948302603142,-8.364639032859325,0.0
456,2.050383258493938,-10.479949211472423,0.0,2.5376949990098416,10.42978475481126,0.0
457,3.017615932676068,-3.3029307231261775,0.0,4.020555303017344,19.244178926499863,0.0
458,2.6730500331180904,-13.696870943057114,0.0,3.4900663141866586,-5.462005555569823,0.0
459,2.8040071965970967,-7.32882484930332,0.0,4.0700694807430065,-9.442250931577442,0.0
460,3.175842030976398,-17.575283702637197,0.0,2.640998840116636,-13.091092990984382,0.0
461,2.8414060323401418,5.780624547422335,0.0,3.32753052707323,9.078305613085327,0.0
462,2.680477134700392,-17.34372546197712,0.0,1.287895973225118,0.23959963197619377,0.0
463,2.380298926417078,-1.63030014865015,0.0,3.3806420300369058,-15.760292921167611,0.0
464,2.6141046312573346,0.9703943807653191,0.0,1.8298596299235381,-42.950988714086854,0.0
465,2.587241094447475,-1.9305833000568413,0.0,2.866593391500481,-11.524415629112399,0.0
466,2.6342432817807246,-7.728015208542171,0.0,2.339491431548933,-20.219652270813896,0.0
467,2.743735783020597,1.8963957212429543,0.0,2.8723741512826435,7.296735344069798,0.0
468,2.0356729263444926,2.122000932514275,0.0,2.5040022958476107,12.486774209400602,0.0
469,2.7378981866650265,-0.9372255909862541,0.0,4.092516942745293,-3.896476093409657,0.0
470,2.7831131559422753,-3.6321565596286804,0.0,2.7132256889291195,-11.36296759218363,0.0
471,1.9659902620340524,11.58805945747591,0.0,2.6869270266758796,-0.44162919638267856,0.0
472,2.8553491730457212,-0.18504269783643318,0.0,2.9004995133883362,-9.63119601293352,0.0
473,1.5608981774863109,8.58991775110676,0.0,3.587534764489496,-2.6000301208687504,0.0
474,1.8979628103941018,-8.206523908406435,0.0,2.5200718735674457,0.018307697948236636,0.0
475,2.0189500973062042,2.747813467020352,0.0,2.3733983422152125,3.9166963258402903,0.0
476,2.10765375627676,-9.921875774142169,0.0,2.4038275504831144,-5.805387690544531,0.0
477,2.369802461689329,0.2504299911224354,0.0,2.8351752900039573,-24.42862981949718,0.0
478,1.6752491727992995,11.254826411743428,0.0,2.2612698914422773,-13.689775787531127,0.0
479,1.5096772001972745,-9.874558156100354,0.0,3.0101468857116447,3.5317518910127386,0.0
480,1.707890070315634,-30.068988944105488,0.0,2.1282523531135116,-26.937881864314825,0.0
481,2.051757514611043,-14.767579949838593,0.0,2.124136572172326,-15.920652502110679,0.0
482,2.0161665113223215,-4.919124533185465,0.0,2.595583949719051,-14.572656950489918,0.0
483,2.3351616080701683,-9.635104324860498,0.0,2.4080339807048854,9.691822324889639,0.0
484,1.2634785143672123,8.242832296377314,0.0,1.798226418209954,6.855811179810075,0.0
485,1.4133410864334575,18.001581745503714,0.0,1.963550160827446,5.243253645838929,0.0
486,1.0924399020990774,-1.908439527274778,0.0,1.9243762972128478,-16.618866816979224,0.0
487,1.1933402604029695,7.031264474590842,0.0,2.38039607896922,-6.5815902142011815,0.0
488,1.5113501011173998,12.936888699703797,0.0,1.0420175679889594,-0.9907929514253072,0.0
489,1.6006259726572434,-3.303879991967045,0.0,1.7007032643988027,-11.350746034386487,0.0
490,1.0979022284197013,13.641734740327795,0.0,1.6712842556233565,5.3785629652592615,0.0
491,1.3265075166068783,-15.45802936023589,0.0,1.9234194350719627,9.495597457577441,0.0
492,1.0864718886612001,-6.821919912755842,0.0,1.4743723705755598,-27.671593850394416,0.0
493,1.1638452493277707,-5.463968618921419,0.0,1.476365734971747,-8.135412533504393,0.0
494,1.5176752080031146,-5.073528261905139,0.0,1.1934712149068132,-9.201148916564566,0.0
495,1.00050676347989,-10.936333155317666,0.0,1.0420876230391098,-16.30114228843455,0.0
496,1.0908472723322842,20.977680895292316,0.0,1.4061235103324214,-10.391185016751132,0.0
497,0.7171196261670285,9.245040092467079,0.0,0.6632422863705619,-34.3562394176146,0.0
498,0.8002787078691156,3.1137332641990567,0.0,0.8140552558666008,-27.053386622749915,0.0
499,0.9708156608688225,-4.108678551855251,0.0,1.1707911200881882,-7.078982563110832,0.0
500,1.222138295591151,-9.376200794797906,0.0,1.424335289025983,5.96839854580348,0.0
501,0.7906022565396369,-5.725056923222281,0.0,1.1927006494216486,-33.39369381011763,0.0
502,0.7573341328368832,4.0947634273070825,0.0,0.8694202349206629,-23.849471428020724,0.0
503,0.4240369648381795,33.78303246197094,0.0,1.2590744299128704,-25.961283400165666,0.0
504,0.19410683611638874,-8.755461151249085,0.0,0.6311335282978191,-5.230111549569724,0.0
505,0.8229405982538603,-8.8380445576984,0.0,0.7067496381668338,-12.800894020518381,0.0
506,0.45474424597453555,-6.394153506172498,0.0,1.0949098980617518,-16.00679985421906,0.0
507,0.9864796393064663,-8.699620519777417,0.0,0.7736313916559355,0.6179813191341612,0.0
508,0.6590228806069779,-13.546699567460912,0.0,0.8001450336213355,-32.10013839518953,0.0
509,0.8869160765001087,9.184174065655363,0.0,0.8889925454775468,-6.587251944221846,0.0
510,0.8489976108687997,-9.594509295050267,0.0,1.3802704699381123,3.9597274763014303,0.0
511,0.8408403056867004,-0.8557534784084432,0.0,0.8294123764992073,-12.840232574298142,0.0
512,1.0049272775650024,0.0,0.0,1.240224838256836,0.0,0.0
